{
    "loss": [
        1.3108099699020386,
        0.5951725244522095,
        0.5957818031311035,
        0.5957942008972168,
        0.5538159608840942,
        0.5589322447776794,
        0.5050538182258606,
        0.4428946375846863,
        0.4355691969394684,
        0.37469813227653503,
        0.36784666776657104,
        0.36236658692359924,
        0.3167898952960968,
        0.3114813566207886,
        0.3333350419998169,
        0.2904196083545685,
        0.2885116636753082,
        0.2655615508556366,
        0.25328516960144043,
        0.2600317895412445,
        0.2504255175590515,
        0.23526142537593842,
        0.25971129536628723,
        0.227931410074234,
        0.2168973684310913,
        0.21186517179012299,
        0.22975562512874603,
        0.19691462814807892,
        0.18837402760982513,
        0.16401521861553192,
        0.2030593752861023,
        0.1589200794696808,
        0.16326496005058289,
        0.15415114164352417,
        0.1797533631324768,
        0.15112093091011047,
        0.1497001051902771,
        0.12933401763439178,
        0.1465754210948944,
        0.2515433132648468,
        0.14741185307502747,
        0.12225828319787979,
        0.15061618387699127,
        0.12886683642864227,
        0.10402980446815491,
        0.110333651304245,
        0.13244137167930603,
        0.11541914939880371,
        0.1030212789773941,
        0.0594206228852272,
        0.13246040046215057,
        0.09511317312717438,
        0.06873192638158798,
        0.10309586673974991,
        0.09958377480506897,
        0.05339403077960014,
        0.08216797560453415,
        0.04152438044548035,
        0.12961766123771667,
        0.09574533253908157,
        0.08232656121253967,
        0.07255028188228607,
        0.07932101935148239,
        0.07042624801397324,
        0.05135493353009224,
        0.05664635822176933,
        0.08496592193841934,
        0.0720883309841156,
        0.041590139269828796,
        0.06779541820287704,
        0.07645788788795471,
        0.11973503977060318,
        0.07383090257644653,
        0.033491168171167374,
        0.0901658907532692,
        0.052834153175354004,
        0.0422544926404953,
        0.05155754089355469,
        0.05661262571811676,
        0.038798362016677856
    ],
    "binary_accuracy": [
        0.6268749833106995,
        0.651562511920929,
        0.659375011920929,
        0.6440625190734863,
        0.684374988079071,
        0.6756250262260437,
        0.7715625166893005,
        0.8174061179161072,
        0.8046875,
        0.8415625095367432,
        0.8465625047683716,
        0.8443750143051147,
        0.8715624809265137,
        0.8765624761581421,
        0.8596875071525574,
        0.8924914598464966,
        0.8893749713897705,
        0.8912500143051147,
        0.9049999713897705,
        0.8928124904632568,
        0.9090625047683716,
        0.9078124761581421,
        0.9046875238418579,
        0.9078498482704163,
        0.9178125262260437,
        0.9162499904632568,
        0.910937488079071,
        0.9268749952316284,
        0.9284374713897705,
        0.9399999976158142,
        0.9209374785423279,
        0.947098970413208,
        0.9474999904632568,
        0.9409375190734863,
        0.9381250143051147,
        0.9493749737739563,
        0.9459375143051147,
        0.9565625190734863,
        0.9487500190734863,
        0.9061433672904968,
        0.9478124976158142,
        0.9565625190734863,
        0.9424999952316284,
        0.9556249976158142,
        0.9662500023841858,
        0.9628124833106995,
        0.953125,
        0.9539248943328857,
        0.9684374928474426,
        0.9803125262260437,
        0.9549999833106995,
        0.9690625071525574,
        0.9753124713897705,
        0.9693750143051147,
        0.9662500023841858,
        0.9846416115760803,
        0.9746875166893005,
        0.9896875023841858,
        0.9553124904632568,
        0.9690625071525574,
        0.9750000238418579,
        0.9765625,
        0.9756249785423279,
        0.9744027256965637,
        0.9825000166893005,
        0.9765625,
        0.9706249833106995,
        0.9787499904632568,
        0.9834374785423279,
        0.9756249785423279,
        0.9753124713897705,
        0.9539248943328857,
        0.9743750095367432,
        0.9903125166893005,
        0.9706249833106995,
        0.9793750047683716,
        0.9853125214576721,
        0.9837499856948853,
        0.9803125262260437,
        0.988054633140564
    ],
    "val_binary_accuracy": [
        0.6922474503517151,
        0.6816757917404175,
        0.5798746943473816,
        0.6934220790863037,
        0.6491777896881104,
        0.7568519711494446,
        0.8296789526939392,
        0.80344557762146,
        0.8238058090209961,
        0.8715739846229553,
        0.8997650742530823,
        0.8406421542167664,
        0.8895849585533142,
        0.7545027136802673,
        0.8946750164031982,
        0.8347690105438232,
        0.9107282757759094,
        0.8911511301994324,
        0.9138606190681458,
        0.8946750164031982,
        0.921299934387207,
        0.8707908987998962,
        0.9216914772987366,
        0.9036805033683777,
        0.920516848564148,
        0.9181675910949707,
        0.8750978708267212,
        0.9197337627410889,
        0.9134690761566162,
        0.9318715929985046,
        0.9201253056526184,
        0.930696964263916,
        0.9299138784408569,
        0.9193422198295593,
        0.9177760481834412,
        0.9126859903335571,
        0.9267815351486206,
        0.8492560982704163,
        0.9044635891914368,
        0.8457322120666504,
        0.9389193654060364,
        0.9283477067947388,
        0.887235701084137,
        0.9048551321029663,
        0.8570868968963623,
        0.9115113615989685,
        0.9283477067947388,
        0.9365701079368591,
        0.94440096616745,
        0.9146437048912048,
        0.9150352478027344,
        0.9346123933792114,
        0.935003936290741,
        0.920516848564148,
        0.9353954792022705,
        0.9314800500869751,
        0.9459671378135681,
        0.9220830202102661,
        0.9361785650253296,
        0.9373531937599182,
        0.9322631359100342,
        0.9342208504676819,
        0.8888018727302551,
        0.873531699180603,
        0.9365701079368591,
        0.9209083914756775,
        0.9279561638832092,
        0.9259984493255615,
        0.9338293075561523,
        0.9342208504676819,
        0.8813625574111938,
        0.9244322776794434,
        0.9420517086982727,
        0.9216914772987366,
        0.9232576489448547,
        0.9357870221138,
        0.9416601657867432,
        0.8915426731109619,
        0.9385278224945068,
        0.9424432516098022
    ],