{
    "loss": [
        1.5912361145019531,
        0.6243026256561279,
        0.6283566951751709,
        0.5924473404884338,
        0.47022345662117004,
        0.414712518453598,
        0.37435269355773926,
        0.31285372376441956,
        0.3044762909412384,
        0.3447370231151581,
        0.2564738988876343,
        0.27301186323165894,
        0.23707935214042664,
        0.23892278969287872,
        0.22253240644931793,
        0.2163914293050766,
        0.22981300950050354,
        0.27241280674934387,
        0.21841667592525482,
        0.21289335191249847,
        0.17798572778701782,
        0.21562927961349487,
        0.19249697029590607,
        0.18836688995361328,
        0.18080350756645203,
        0.16371318697929382,
        0.20881958305835724,
        0.1995231956243515,
        0.19008052349090576,
        0.17293526232242584,
        0.17625367641448975,
        0.23875148594379425,
        0.1688874214887619,
        0.14279313385486603,
        0.14185208082199097,
        0.15090598165988922,
        0.13333112001419067,
        0.17077897489070892,
        0.14452119171619415,
        0.1549680083990097,
        0.12793488800525665,
        0.1904556155204773,
        0.15506790578365326,
        0.13517245650291443,
        0.09983949363231659,
        0.11543724685907364,
        0.13349555432796478,
        0.15904225409030914,
        0.11181607842445374,
        0.09404788911342621,
        0.1270689070224762,
        0.11038031429052353,
        0.08980938047170639,
        0.09794773906469345,
        0.10058903694152832,
        0.09248310327529907,
        0.07923845201730728,
        0.0843479260802269,
        0.09053342789411545,
        0.08670829981565475,
        0.0667678564786911,
        0.0947311669588089,
        0.10619651526212692,
        0.09974721819162369,
        0.10064448416233063,
        0.09699749946594238,
        0.08497364819049835,
        0.08887375891208649,
        0.06996683031320572,
        0.07573488354682922,
        0.0698227807879448,
        0.08712533116340637,
        0.061375927180051804,
        0.06938732415437698,
        0.0879269540309906,
        0.0970054566860199,
        0.0668085590004921,
        0.05686318501830101,
        0.06506740301847458,
        0.11347358673810959
    ],
    "binary_accuracy": [
        0.6043750047683716,
        0.6584374904632568,
        0.6549999713897705,
        0.7034375071525574,
        0.7953125238418579,
        0.8412500023841858,
        0.8543750047683716,
        0.8754266500473022,
        0.8856250047683716,
        0.8653125166893005,
        0.9100000262260437,
        0.8959375023841858,
        0.9121875166893005,
        0.9150000214576721,
        0.921875,
        0.9249146580696106,
        0.9190624952316284,
        0.8928124904632568,
        0.9262499809265137,
        0.9212499856948853,
        0.9325000047683716,
        0.9243749976158142,
        0.9293749928474426,
        0.9283276200294495,
        0.9387500286102295,
        0.9390624761581421,
        0.9318749904632568,
        0.9296875,
        0.9362499713897705,
        0.9387500286102295,
        0.9393749833106995,
        0.914675772190094,
        0.942187488079071,
        0.9437500238418579,
        0.9503124952316284,
        0.9478124976158142,
        0.9549999833106995,
        0.9381250143051147,
        0.9503124952316284,
        0.9453924894332886,
        0.9496874809265137,
        0.9300000071525574,
        0.9462500214576721,
        0.9459375143051147,
        0.9659374952316284,
        0.9606249928474426,
        0.9556249976158142,
        0.9419795274734497,
        0.9621875286102295,
        0.9659374952316284,
        0.9556249976158142,
        0.9603124856948853,
        0.9684374928474426,
        0.9671875238418579,
        0.965624988079071,
        0.9709897637367249,
        0.9762499928474426,
        0.9684374928474426,
        0.9668750166893005,
        0.9690625071525574,
        0.9743750095367432,
        0.9668750166893005,
        0.9703124761581421,
        0.9658703207969666,
        0.965624988079071,
        0.9684374928474426,
        0.9737499952316284,
        0.9700000286102295,
        0.9784374833106995,
        0.9715625047683716,
        0.9740625023841858,
        0.9709897637367249,
        0.9756249785423279,
        0.9759374856948853,
        0.9731249809265137,
        0.9700000286102295,
        0.9762499928474426,
        0.9815624952316284,
        0.9806249737739563,
        0.9658703207969666
    ],
    "val_binary_accuracy": [
        0.6922474503517151,
        0.6922474503517151,
        0.6922474503517151,
        0.729835569858551,
        0.8747063279151917,
        0.8668754696846008,
        0.8508222103118896,
        0.8950665593147278,
        0.9177760481834412,
        0.9209083914756775,
        0.9236491918563843,
        0.9385278224945068,
        0.9271730780601501,
        0.9373531937599182,
        0.9287392497062683,
        0.9056382179260254,
        0.9385278224945068,
        0.9365701079368591,
        0.9483163952827454,
        0.9530148506164551,
        0.9526233077049255,
        0.9549725651741028,
        0.9224745631217957,
        0.9248238205909729,
        0.9483163952827454,
        0.9686765670776367,
        0.8856695294380188,
        0.9338293075561523,
        0.9393109083175659,
        0.8954581022262573,
        0.9001566171646118,
        0.9647611379623413,
        0.9675019383430481,
        0.9776820540428162,
        0.9800313115119934,
        0.9588879942893982,
        0.9620203375816345,
        0.9659357666969299,
        0.9772905111312866,
        0.9831636548042297,
        0.9303054213523865,
        0.9408770799636841,
        0.9753327965736389,
        0.9796397686004639,
        0.9655442237854004,
        0.9322631359100342,
        0.9745497107505798,
        0.9815974831581116,
        0.9815974831581116,
        0.9827721118927002,
        0.9823805689811707,
        0.985512912273407,
        0.9808143973350525,
        0.9847298264503479,
        0.9827721118927002,
        0.985512912273407,
        0.9866875410079956,
        0.9792482256889343,
        0.9843382835388184,
        0.9675019383430481,
        0.9882537126541138,
        0.9436178803443909,
        0.9823805689811707,
        0.9514486789703369,
        0.9776820540428162,
        0.9831636548042297,
        0.9890367984771729,
        0.9894283413887024,
        0.9913860559463501,
        0.9815974831581116,
        0.9890367984771729,
        0.9921691417694092,
        0.9941268563270569,
        0.9847298264503479,
        0.9835551977157593,
        0.9843382835388184,
        0.9870790839195251,
        0.9937353134155273,
        0.9577133655548096,
        0.9909945130348206
    ],