{
    "loss": [
        0.3839781880378723,
        0.30149903893470764,
        0.23936381936073303,
        0.20775984227657318,
        0.18679259717464447,
        0.1993904560804367,
        0.17568835616111755,
        0.123956099152565,
        0.17149481177330017,
        0.13865023851394653,
        0.14733219146728516,
        0.14068087935447693,
        0.1464979499578476,
        0.13203780353069305,
        0.09612837433815002,
        0.09074626117944717,
        0.11264834553003311,
        0.11673019081354141,
        0.11728393286466599,
        0.08793523907661438,
        0.10133174806833267,
        0.1222209632396698,
        0.11367382109165192,
        0.08102019131183624,
        0.06574176251888275,
        0.07403594255447388,
        0.11803226172924042,
        0.08376403898000717,
        0.0833951085805893,
        0.07989928871393204,
        0.08833840489387512,
        0.1074771136045456,
        0.06360114365816116,
        0.11809484660625458,
        0.08207216113805771,
        0.06725795567035675,
        0.05887193605303764,
        0.061280399560928345,
        0.06857422739267349,
        0.03711511939764023,
        0.06496454030275345,
        0.08285043388605118,
        0.053205110132694244,
        0.04117641970515251,
        0.07883346080780029,
        0.07080564647912979,
        0.04221324995160103,
        0.03477996587753296,
        0.04977184906601906,
        0.04916002228856087,
        0.05936846882104874,
        0.058407481759786606,
        0.041775792837142944,
        0.040147289633750916,
        0.04005398228764534,
        0.06249414011836052,
        0.05366617068648338,
        0.030028102919459343,
        0.02572554349899292,
        0.05026025325059891,
        0.022691281512379646,
        0.0199482049793005,
        0.05343547835946083,
        0.016910698264837265,
        0.028741944581270218,
        0.07045422494411469,
        0.05456011742353439,
        0.02546439878642559,
        0.03419017419219017,
        0.029025232419371605,
        0.03557015210390091,
        0.009005745872855186,
        0.03679831326007843,
        0.03317517414689064,
        0.0310626570135355,
        0.05390443652868271,
        0.06483706831932068,
        0.026548929512500763,
        0.026545114815235138,
        0.023586750030517578
    ],
    "binary_accuracy": [
        0.8362500071525574,
        0.8853124976158142,
        0.9100000262260437,
        0.9162499904632568,
        0.9268749952316284,
        0.934374988079071,
        0.9350000023841858,
        0.9624573588371277,
        0.9340624809265137,
        0.9415624737739563,
        0.949999988079071,
        0.9449999928474426,
        0.9434375166893005,
        0.9503124952316284,
        0.9662500023841858,
        0.9726962447166443,
        0.9606249928474426,
        0.9668750166893005,
        0.9593750238418579,
        0.9693750143051147,
        0.9593750238418579,
        0.9540625214576721,
        0.9587500095367432,
        0.9726962447166443,
        0.9756249785423279,
        0.979687511920929,
        0.9540625214576721,
        0.971875011920929,
        0.9712499976158142,
        0.9725000262260437,
        0.9678124785423279,
        0.9624573588371277,
        0.9787499904632568,
        0.9609375,
        0.9696875214576721,
        0.9781249761581421,
        0.9809374809265137,
        0.9762499928474426,
        0.9775000214576721,
        0.9931740760803223,
        0.9803125262260437,
        0.9684374928474426,
        0.9837499856948853,
        0.984375,
        0.9753124713897705,
        0.9737499952316284,
        0.9850000143051147,
        0.9863481521606445,
        0.9837499856948853,
        0.9806249737739563,
        0.9800000190734863,
        0.9768750071525574,
        0.9831249713897705,
        0.9856250286102295,
        0.9856250286102295,
        0.9761092066764832,
        0.9821875095367432,
        0.9912499785423279,
        0.9912499785423279,
        0.9868749976158142,
        0.9931250214576721,
        0.9937499761581421,
        0.9828125238418579,
        0.9931740760803223,
        0.9887499809265137,
        0.9731249809265137,
        0.9850000143051147,
        0.9931250214576721,
        0.9903125166893005,
        0.987500011920929,
        0.9884374737739563,
        0.9965870380401611,
        0.9868749976158142,
        0.9865624904632568,
        0.9881250262260437,
        0.9815624952316284,
        0.9762499928474426,
        0.9906250238418579,
        0.9893749952316284,
        0.9931740760803223
    ],
    "val_binary_accuracy": [
        0.6922474503517151,
        0.6922474503517151,
        0.6922474503517151,
        0.6922474503517151,
        0.6922474503517151,
        0.6922474503517151,
        0.6922474503517151,
        0.6922474503517151,
        0.6922474503517151,
        0.6922474503517151,
        0.6922474503517151,
        0.6922474503517151,
        0.6922474503517151,
        0.6922474503517151,
        0.6922474503517151,
        0.6922474503517151,
        0.6922474503517151,
        0.6922474503517151,
        0.6922474503517151,
        0.6922474503517151,
        0.6922474503517151,
        0.6922474503517151,
        0.6922474503517151,
        0.6922474503517151,
        0.6922474503517151,
        0.6922474503517151,
        0.6922474503517151,
        0.6922474503517151,
        0.6922474503517151,
        0.6922474503517151,
        0.6922474503517151,
        0.6922474503517151,
        0.6922474503517151,
        0.6922474503517151,
        0.6922474503517151,
        0.6922474503517151,
        0.6922474503517151,
        0.6930305361747742,
        0.8097102642059326,
        0.7713390588760376,
        0.8433829545974731,
        0.8394675254821777,
        0.8707908987998962,
        0.9365701079368591,
        0.8946750164031982,
        0.8398590683937073,
        0.7180892825126648,
        0.6930305361747742,
        0.94440096616745,
        0.9463586807250977,
        0.9655442237854004,
        0.6742364764213562,
        0.9263899922370911,
        0.7819107174873352,
        0.7349256277084351,
        0.7916992902755737,
        0.7462803721427917,
        0.7169146537780762,
        0.6620986461639404,
        0.5830070376396179,
        0.7325763702392578,
        0.7650743722915649,
        0.6879404783248901,
        0.8516052961349487,
        0.8332028388977051,
        0.949491024017334,
        0.9518402218818665,
        0.9600626230239868,
        0.9389193654060364,
        0.9252153635025024,
        0.9005481600761414,
        0.9428347945213318,
        0.9741581678390503,
        0.9612372517585754,
        0.8218480944633484,
        0.7200469970703125,
        0.6507439017295837,
        0.6064996123313904,
        0.8981989026069641,
        0.9487079381942749
    ],