{
    "loss": [
        0.7083233594894409,
        0.6484554409980774,
        0.6383176445960999,
        0.6245395541191101,
        0.6171718835830688,
        0.611774206161499,
        0.602612316608429,
        0.5979865193367004,
        0.5830969214439392,
        0.5786995887756348,
        0.5761960744857788,
        0.5452564358711243,
        0.5352533459663391,
        0.5121101140975952,
        0.4919719994068146,
        0.4929831326007843,
        0.4833202362060547,
        0.46993696689605713,
        0.4673362672328949,
        0.44010770320892334,
        0.43886202573776245,
        0.44859248399734497,
        0.4290221333503723,
        0.3914635181427002,
        0.4186359643936157,
        0.3933815062046051,
        0.3885338306427002,
        0.3919817805290222,
        0.37906140089035034,
        0.39360499382019043,
        0.3815976679325104,
        0.3329290747642517,
        0.3790133595466614,
        0.346349835395813,
        0.3502291440963745,
        0.3469780683517456,
        0.3308934271335602,
        0.36775442957878113,
        0.34364137053489685,
        0.32386282086372375,
        0.3535429835319519,
        0.32313525676727295,
        0.310886949300766,
        0.31722551584243774,
        0.31851711869239807,
        0.35534727573394775,
        0.2918247878551483,
        0.32997843623161316,
        0.3252669870853424,
        0.279986709356308,
        0.31319624185562134,
        0.30553609132766724,
        0.3048435151576996,
        0.315087229013443,
        0.2598471939563751,
        0.3649839460849762,
        0.29729846119880676,
        0.2596231997013092,
        0.289905309677124,
        0.29399389028549194,
        0.2750685214996338,
        0.3004645109176636,
        0.27481040358543396,
        0.27310678362846375,
        0.27632397413253784,
        0.2851484417915344,
        0.2962053120136261,
        0.27106600999832153,
        0.27823200821876526,
        0.25994405150413513,
        0.2570180892944336,
        0.3089872896671295,
        0.2632003426551819,
        0.23881319165229797,
        0.2728891968727112,
        0.24954406917095184,
        0.27097296714782715,
        0.2504645586013794,
        0.2403561770915985,
        0.2772912085056305
    ],
    "binary_accuracy": [
        0.6284375190734863,
        0.6553124785423279,
        0.6603124737739563,
        0.6565625071525574,
        0.6618750095367432,
        0.6606249809265137,
        0.6618750095367432,
        0.6518771052360535,
        0.6759374737739563,
        0.6825000047683716,
        0.6934375166893005,
        0.7149999737739563,
        0.7250000238418579,
        0.7478125095367432,
        0.7696874737739563,
        0.7610921263694763,
        0.7837499976158142,
        0.7793750166893005,
        0.7925000190734863,
        0.8043749928474426,
        0.800000011920929,
        0.8056250214576721,
        0.8306249976158142,
        0.8395904302597046,
        0.8081250190734863,
        0.8240625262260437,
        0.8396875262260437,
        0.8318750262260437,
        0.8346874713897705,
        0.8418750166893005,
        0.8346874713897705,
        0.8566552996635437,
        0.8371875286102295,
        0.8525000214576721,
        0.8521875143051147,
        0.8600000143051147,
        0.8609374761581421,
        0.8462499976158142,
        0.8559374809265137,
        0.8634812235832214,
        0.839062511920929,
        0.8587499856948853,
        0.8740624785423279,
        0.8668749928474426,
        0.8540624976158142,
        0.856249988079071,
        0.8799999952316284,
        0.8703071475028992,
        0.875,
        0.8774999976158142,
        0.8678125143051147,
        0.8665624856948853,
        0.8771874904632568,
        0.8646875023841858,
        0.8899999856948853,
        0.8634812235832214,
        0.8687499761581421,
        0.8809375166893005,
        0.8843749761581421,
        0.8799999952316284,
        0.879687488079071,
        0.8793749809265137,
        0.879687488079071,
        0.9044368863105774,
        0.8868749737739563,
        0.8803125023841858,
        0.890625,
        0.8921874761581421,
        0.8928124904632568,
        0.8924999833106995,
        0.9006249904632568,
        0.8873720169067383,
        0.8881250023841858,
        0.8999999761581421,
        0.8971874713897705,
        0.901562511920929,
        0.8899999856948853,
        0.8999999761581421,
        0.9006249904632568,
        0.8839590549468994
    ],
    "val_binary_accuracy": [
        0.6922474503517151,
        0.6922474503517151,
        0.6922474503517151,
        0.6922474503517151,
        0.6922474503517151,
        0.6922474503517151,
        0.6922474503517151,
        0.6922474503517151,
        0.6922474503517151,
        0.6922474503517151,
        0.6922474503517151,
        0.6922474503517151,
        0.6922474503517151,
        0.6922474503517151,
        0.6922474503517151,
        0.6922474503517151,
        0.6922474503517151,
        0.6922474503517151,
        0.6922474503517151,
        0.6922474503517151,
        0.6922474503517151,
        0.6922474503517151,
        0.6922474503517151,
        0.6922474503517151,
        0.6922474503517151,
        0.6922474503517151,
        0.6922474503517151,
        0.6922474503517151,
        0.6922474503517151,
        0.6922474503517151,
        0.6922474503517151,
        0.6922474503517151,
        0.6922474503517151,
        0.6922474503517151,
        0.6922474503517151,
        0.6922474503517151,
        0.6922474503517151,
        0.6922474503517151,
        0.6922474503517151,
        0.6922474503517151,
        0.6922474503517151,
        0.6922474503517151,
        0.6930305361747742,
        0.6938136219978333,
        0.6922474503517151,
        0.6922474503517151,
        0.729835569858551,
        0.7133907675743103,
        0.7525449991226196,
        0.7274863123893738,
        0.8316366672515869,
        0.868441641330719,
        0.8621769547462463,
        0.8613938689231873,
        0.8457322120666504,
        0.8386844396591187,
        0.827329695224762,
        0.8457322120666504,
        0.8480814695358276,
        0.8566953539848328,
        0.7274863123893738,
        0.8198903799057007,
        0.8057948350906372,
        0.765857458114624,
        0.8504306674003601,
        0.8410336971282959,
        0.8300704956054688,
        0.8660923838615417,
        0.8226311802864075,
        0.8465152978897095,
        0.8512137532234192,
        0.8261550664901733,
        0.8480814695358276,
        0.8488645553588867,
        0.8555207252502441,
        0.6546593308448792,
        0.8332028388977051,
        0.7642912864685059,
        0.7776037454605103,
        0.7697728872299194
    ],