{
    "loss": [
        0.5399038791656494,
        0.3277634382247925,
        0.2607985734939575,
        0.2561326026916504,
        0.1791112869977951,
        0.16222281754016876,
        0.257148414850235,
        0.1979876309633255,
        0.17544589936733246,
        0.20478028059005737,
        0.18018251657485962,
        0.1118634045124054,
        0.1499573141336441,
        0.15057864785194397,
        0.13615630567073822,
        0.15901584923267365,
        0.08507344871759415,
        0.10927217453718185,
        0.10947589576244354,
        0.1153748482465744,
        0.08378876000642776,
        0.05942801386117935,
        0.14730817079544067,
        0.11829239875078201,
        0.13591045141220093,
        0.1761530488729477,
        0.19492903351783752,
        0.10944853723049164,
        0.07412181049585342,
        0.1125170886516571,
        0.08342266082763672,
        0.07361821085214615,
        0.07308828830718994,
        0.05671355128288269,
        0.0961281806230545,
        0.06155046448111534,
        0.05317568778991699,
        0.05498280003666878,
        0.05350947007536888,
        0.03989823907613754,
        0.06257244199514389,
        0.051707688719034195,
        0.08345390111207962,
        0.037909459322690964,
        0.06412425637245178,
        0.04905706271529198,
        0.05090012401342392,
        0.010920959524810314,
        0.03595547005534172,
        0.04682124778628349,
        0.10333814471960068,
        0.06525901705026627,
        0.04840974509716034,
        0.053708892315626144,
        0.05205880478024483,
        0.03191662207245827,
        0.07910919189453125,
        0.031242169439792633,
        0.026980886235833168,
        0.06429590284824371,
        0.03981553390622139,
        0.052632108330726624,
        0.04900957643985748,
        0.04952758923172951,
        0.03572027385234833,
        0.03322247788310051,
        0.04321978613734245,
        0.03344174101948738,
        0.027706777676939964,
        0.029589788988232613,
        0.04801933839917183,
        0.029431939125061035,
        0.02863878570497036,
        0.03666563704609871,
        0.025595832616090775,
        0.04075461998581886,
        0.04084761068224907,
        0.05437861755490303,
        0.025600753724575043,
        0.028996149078011513
    ],
    "binary_accuracy": [
        0.8118749856948853,
        0.875,
        0.9103124737739563,
        0.9046875238418579,
        0.9362499713897705,
        0.9431250095367432,
        0.9028124809265137,
        0.9368600845336914,
        0.9378125071525574,
        0.9290624856948853,
        0.9340624809265137,
        0.9631249904632568,
        0.9521874785423279,
        0.9443749785423279,
        0.9465625286102295,
        0.947098970413208,
        0.9678124785423279,
        0.9593750238418579,
        0.9618750214576721,
        0.9621875286102295,
        0.9721875190734863,
        0.9803125262260437,
        0.9524999856948853,
        0.9607508778572083,
        0.9546874761581421,
        0.9393749833106995,
        0.9293749928474426,
        0.9543750286102295,
        0.973437488079071,
        0.9571874737739563,
        0.9746875166893005,
        0.9692832827568054,
        0.9781249761581421,
        0.9809374809265137,
        0.9696875214576721,
        0.9793750047683716,
        0.9818750023841858,
        0.9778125286102295,
        0.981249988079071,
        0.9829351305961609,
        0.9781249761581421,
        0.9828125238418579,
        0.9728124737739563,
        0.9834374785423279,
        0.9793750047683716,
        0.9837499856948853,
        0.9825000166893005,
        1.0,
        0.9871875047683716,
        0.9846875071525574,
        0.9703124761581421,
        0.9793750047683716,
        0.9850000143051147,
        0.9768750071525574,
        0.9828125238418579,
        0.9863481521606445,
        0.9696875214576721,
        0.9896875023841858,
        0.9931250214576721,
        0.9790624976158142,
        0.9856250286102295,
        0.9840624928474426,
        0.9787499904632568,
        0.9829351305961609,
        0.9884374737739563,
        0.987500011920929,
        0.9831249713897705,
        0.9865624904632568,
        0.9893749952316284,
        0.9868749976158142,
        0.9837499856948853,
        0.9863481521606445,
        0.989062488079071,
        0.9881250262260437,
        0.9887499809265137,
        0.9831249713897705,
        0.989062488079071,
        0.9809374809265137,
        0.9912499785423279,
        0.9931740760803223
    ],
    "val_binary_accuracy": [
        0.6926389932632446,
        0.8602192401885986,
        0.9048551321029663,
        0.4772905111312866,
        0.6930305361747742,
        0.6922474503517151,
        0.7208300828933716,
        0.6969459652900696,
        0.9447925090789795,
        0.6945967078208923,
        0.734142541885376,
        0.6930305361747742,
        0.930696964263916,
        0.6922474503517151,
        0.9095536470413208,
        0.8563038110733032,
        0.9651526808738708,
        0.7595927715301514,
        0.8234142661094666,
        0.6722787618637085,
        0.7494127154350281,
        0.8046202063560486,
        0.6922474503517151,
        0.8175411224365234,
        0.7157400250434875,
        0.9412686228752136,
        0.6930305361747742,
        0.9005481600761414,
        0.6930305361747742,
        0.8985904455184937,
        0.9075959324836731,
        0.9541894793510437,
        0.9655442237854004,
        0.9381362795829773,
        0.7396241426467896,
        0.9729835391044617,
        0.8116679787635803,
        0.6922474503517151,
        0.7490211725234985,
        0.9514486789703369,
        0.7932654619216919,
        0.6977290511131287,
        0.7478465437889099,
        0.9792482256889343,
        0.7024275660514832,
        0.911902904510498,
        0.9968676567077637,
        0.9921691417694092,
        0.9005481600761414,
        0.9408770799636841,
        0.6922474503517151,
        0.6922474503517151,
        0.8112764358520508,
        0.8700078129768372,
        0.9197337627410889,
        0.9968676567077637,
        0.8981989026069641,
        0.8696162700653076,
        0.6945967078208923,
        0.8962411880493164,
        0.9894283413887024,
        0.6922474503517151,
        0.9181675910949707,
        0.7223962545394897,
        0.7721221446990967,
        0.8363351821899414,
        0.981205940246582,
        0.9796397686004639,
        0.9866875410079956,
        0.6922474503517151,
        0.9682850241661072,
        0.9839467406272888,
        0.7404072284698486,
        0.7830853462219238,
        0.8527799248695374,
        0.6930305361747742,
        0.9874706268310547,
        0.8970242738723755,
        0.9835551977157593,
        0.971808910369873
    ],