{
    "loss": [
        0.8974438309669495,
        0.6343241333961487,
        0.6417081356048584,
        0.6353648900985718,
        0.6059604287147522,
        0.5452090501785278,
        0.5247495174407959,
        0.5854894518852234,
        0.497233510017395,
        0.45739424228668213,
        0.49117907881736755,
        0.419828325510025,
        0.5324954986572266,
        0.5401904582977295,
        0.4969175457954407,
        0.44140100479125977,
        0.5008825659751892,
        0.42669928073883057,
        0.4648963510990143,
        0.41811293363571167,
        0.39452430605888367,
        0.47559884190559387,
        0.4072953462600708,
        0.37692025303840637,
        0.39845824241638184,
        0.4983716607093811,
        0.4666537046432495,
        0.4304591417312622,
        0.4645189046859741,
        0.502912700176239,
        0.4123755693435669,
        0.4129623472690582,
        0.3823753297328949,
        0.36656805872917175,
        0.3252909183502197,
        0.346095472574234,
        0.30500340461730957,
        0.27475687861442566,
        0.29474517703056335,
        0.4184187948703766,
        0.31380680203437805,
        0.2553342878818512,
        0.2473561316728592,
        0.26927489042282104,
        0.3409755229949951,
        0.26660165190696716,
        0.2696682810783386,
        0.2299593836069107,
        0.24098844826221466,
        0.27795714139938354,
        0.3287840187549591,
        0.3636054992675781,
        0.33062678575515747,
        0.3258703351020813,
        0.3194451630115509,
        0.33428964018821716,
        0.3317008316516876,
        0.2874583303928375,
        0.25099021196365356,
        0.30216482281684875,
        0.2505941390991211,
        0.2349732518196106,
        0.28187835216522217,
        0.26239925622940063,
        0.3052956759929657,
        0.269657701253891,
        0.6415070295333862,
        0.5893219113349915,
        0.5587390661239624,
        0.7192389965057373,
        0.6458179354667664,
        0.47408396005630493,
        0.498416543006897,
        0.39216944575309753,
        0.36700156331062317,
        0.3276049494743347,
        0.3152843415737152,
        0.4298849105834961,
        0.40037932991981506,
        0.31586799025535583
    ],
    "binary_accuracy": [
        0.6340625286102295,
        0.6818749904632568,
        0.7006250023841858,
        0.7015625238418579,
        0.7246875166893005,
        0.7837499976158142,
        0.801562488079071,
        0.8208191394805908,
        0.8053125143051147,
        0.8190624713897705,
        0.8174999952316284,
        0.8265625238418579,
        0.8309375047683716,
        0.801562488079071,
        0.8146874904632568,
        0.80887371301651,
        0.8321874737739563,
        0.8278124928474426,
        0.8331249952316284,
        0.8550000190734863,
        0.846875011920929,
        0.832812488079071,
        0.8471875190734863,
        0.8600682616233826,
        0.8528125286102295,
        0.8565624952316284,
        0.8368750214576721,
        0.8384374976158142,
        0.8309375047683716,
        0.8343750238418579,
        0.8518750071525574,
        0.8549488186836243,
        0.8687499761581421,
        0.8687499761581421,
        0.8818749785423279,
        0.8771874904632568,
        0.8909375071525574,
        0.8934375047683716,
        0.8915625214576721,
        0.849829375743866,
        0.8756250143051147,
        0.893750011920929,
        0.9112499952316284,
        0.9056249856948853,
        0.8834375143051147,
        0.8921874761581421,
        0.8843749761581421,
        0.9027303457260132,
        0.9037500023841858,
        0.8924999833106995,
        0.8743749856948853,
        0.8618749976158142,
        0.8700000047683716,
        0.8803125023841858,
        0.8771874904632568,
        0.861774742603302,
        0.8700000047683716,
        0.9012500047683716,
        0.9103124737739563,
        0.8934375047683716,
        0.9103124737739563,
        0.9134374856948853,
        0.8940625190734863,
        0.8924914598464966,
        0.8990625143051147,
        0.8974999785423279,
        0.7293750047683716,
        0.7584375143051147,
        0.7903125286102295,
        0.7056249976158142,
        0.7087500095367432,
        0.8276450634002686,
        0.8031250238418579,
        0.8418750166893005,
        0.8518750071525574,
        0.8759375214576721,
        0.8809375166893005,
        0.8337500095367432,
        0.8609374761581421,
        0.8703071475028992
    ],
    "val_binary_accuracy": [
        0.6922474503517151,
        0.4526233375072479,
        0.7650743722915649,
        0.7509788274765015,
        0.748629629611969,
        0.813625693321228,
        0.6558339595794678,
        0.7302271127700806,
        0.828112781047821,
        0.8578699827194214,
        0.6922474503517151,
        0.7208300828933716,
        0.593187153339386,
        0.66249018907547,
        0.8774471282958984,
        0.7451057434082031,
        0.8692247271537781,
        0.8762724995613098,
        0.7924823760986328,
        0.8457322120666504,
        0.8750978708267212,
        0.8535630106925964,
        0.8938919305801392,
        0.8308535814285278,
        0.8570868968963623,
        0.6977290511131287,
        0.5254502892494202,
        0.6930305361747742,
        0.8332028388977051,
        0.6961628794670105,
        0.6350822448730469,
        0.5669537782669067,
        0.7764291167259216,
        0.873531699180603,
        0.8688331842422485,
        0.8962411880493164,
        0.8610023260116577,
        0.8844949007034302,
        0.7278778553009033,
        0.6491777896881104,
        0.892325758934021,
        0.7231793403625488,
        0.7650743722915649,
        0.3077525496482849,
        0.8198903799057007,
        0.8241973519325256,
        0.564996063709259,
        0.6742364764213562,
        0.828112781047821,
        0.6922474503517151,
        0.6922474503517151,
        0.7439311146736145,
        0.7584181427955627,
        0.6738449335098267,
        0.8386844396591187,
        0.8610023260116577,
        0.8680500984191895,
        0.7599843144416809,
        0.8461237549781799,
        0.8410336971282959,
        0.7709475159645081,
        0.7173061966896057,
        0.8433829545974731,
        0.8425998687744141,
        0.7306186556816101,
        0.6930305361747742,
        0.6922474503517151,
        0.6695379614830017,
        0.4780735969543457,
        0.4541895091533661,
        0.7873923182487488,
        0.7854346036911011,
        0.8112764358520508,
        0.7662490010261536,
        0.7838684320449829,
        0.877838671207428,
        0.8308535814285278,
        0.8582615256309509,
        0.8888018727302551,
        0.8269381523132324
    ],